V1,V2,V3
209,319,10
283,252,3
248,280,10
203,322,13
208,326,4
234,304,0
229,305,4
231,290,17
179,341,18
184,323,31
198,326,14
259,273,6
205,333,0
222,316,0
237,295,6
239,299,0
286,248,4
232,283,23
264,266,8
236,292,10
274,255,9
217,310,11
211,311,16
228,297,13
187,321,30
234,294,10
198,333,7
215,323,0
236,302,0
136,389,13
309,229,0
228,299,11
219,315,4
193,341,4
220,308,10
238,284,16
194,341,3
284,245,9
246,258,34
236,302,0
238,289,11
247,281,10
248,290,0
204,305,29
238,280,20
250,268,20
210,311,17
253,285,0
202,336,0
213,322,3
231,290,17
231,300,7
237,281,20
218,308,12
200,334,4
282,256,0
178,360,0
196,335,7
225,313,0
250,284,4
186,352,0
228,310,0
177,361,0
183,329,26
187,351,0
220,312,6
217,321,0
223,300,15
196,334,8
319,219,0
227,311,0
165,356,17
256,275,7
215,319,4
221,312,5
267,262,9
294,244,0
198,330,10
227,282,29
162,376,0
263,272,3
266,245,27
182,337,19
283,250,5
257,281,0
182,356,0
220,312,6
167,371,0
133,391,14
148,380,10
252,276,10
252,269,17
231,296,11
173,357,8
245,280,13
251,287,0
284,244,10
194,344,0
281,241,16
266,259,13
279,253,6
221,286,31
207,331,0
178,360,0
270,252,16
183,355,0
175,363,0
206,322,10
284,248,6
250,275,13
172,359,7
157,372,9
211,320,7
177,358,3
224,314,0
154,384,0
194,344,0
217,311,10
280,258,0
303,235,0
286,252,0
220,318,0
249,279,10
234,300,4
247,287,4
255,273,10
200,331,7
276,262,0
197,328,13
231,287,20
313,210,15
215,296,27
213,325,0
169,342,27
267,259,12
222,316,0
232,296,10
178,356,4
220,308,10
224,301,13
173,355,10
243,295,0
242,293,3
243,279,16
164,367,7
267,267,4
235,300,3
226,312,0
170,368,0
311,221,6
194,341,3
221,307,10
277,250,11
223,302,13
194,341,3
232,295,11
232,296,10
237,301,0
150,365,23
251,287,0
221,317,0
247,291,0
209,309,20
216,313,9
240,298,0
281,257,0
231,297,10
179,351,8
274,258,6
242,289,7
272,239,27
262,266,10
254,275,9
159,373,6
263,272,3
261,273,4
184,344,10
253,242,43
170,362,6
167,371,0
246,292,0
243,289,6
261,243,34
274,256,8
183,352,3
233,305,0
245,290,3
226,291,21
220,315,3
196,312,30
174,361,3
222,316,0
212,305,21
262,276,0
217,301,20
210,307,21
176,346,16
237,291,10
264,260,14
267,253,18
177,361,0
144,366,28
221,298,19
268,270,0
238,277,23
257,272,9
202,336,0
271,260,7
230,308,0
327,198,13
154,369,15
188,343,7
178,357,3
250,288,0
184,333,21
215,317,6
257,275,6
260,265,13
247,291,0
238,294,6
221,304,13
193,342,3
244,285,9
203,324,11
194,330,14
160,362,16
277,258,3
261,277,0
137,384,17
247,271,20
271,253,14
192,336,10
254,274,10
187,335,16
197,325,16
238,293,7
287,242,9
267,271,0
170,358,10
233,305,0
189,329,20
262,273,3
218,317,3
209,319,10
306,232,0
193,345,0
179,349,10
159,371,8
233,302,3
213,325,0
269,263,6
269,269,0
222,316,0
241,291,6
242,280,16
170,364,4
237,295,6
198,337,3
269,252,17
228,304,6
241,297,0
165,367,6
224,314,0
184,351,3
240,282,16
217,321,0
246,289,3
259,259,20
251,287,0
304,234,0
223,295,20
158,375,5
297,227,14
251,277,10
232,296,10
230,304,4
217,321,0
210,322,6
225,296,17
242,263,33
177,342,19
259,262,17
258,280,0
240,298,0
206,304,28
191,347,0
225,313,0
241,287,10
213,308,17
225,309,4
219,319,0
201,327,10
269,249,20
206,326,6
318,216,4
206,328,4
273,245,20
292,235,11
242,296,0
274,261,3
261,277,0
237,295,6
238,297,3
292,246,0
263,272,3
207,307,24
232,288,18
261,251,26
260,274,4
268,270,0
264,249,25
262,267,9
289,249,0
232,280,26
244,294,0
194,338,6
223,288,27
245,273,20
187,335,16
214,319,5
173,350,15
224,305,9
239,281,18
199,330,9
203,331,4
171,367,0
133,405,0
219,309,10
208,330,0
171,367,0
293,245,0
267,267,4
182,343,13
205,333,0
235,289,14
189,335,14
256,282,0
201,337,0
231,301,6
212,326,0
179,353,6
197,341,0
247,284,7
251,268,19
259,279,0
212,320,6
256,279,3
212,316,10
182,349,7
230,308,0
232,303,3
240,289,9
205,333,0
265,273,0
271,267,0
236,292,10
222,316,0
275,253,10
218,311,9
262,276,0
181,353,4
194,334,10
289,242,7
210,328,0
248,290,0
227,308,3
228,310,0
226,309,3
269,269,0
148,386,4
253,285,0
199,321,18
247,281,10
237,301,0
232,300,6
242,274,22
291,247,0
239,289,10
197,337,4
290,242,6
301,227,10
180,358,0
230,305,3
197,312,29
225,309,4
206,314,18
277,257,4
231,297,10
207,322,9
239,289,10
184,354,0
288,250,0
290,238,10
181,357,0
170,347,21
123,415,0
236,302,0
262,276,0
205,333,0
202,331,5
176,362,0
232,292,14
272,241,25
193,345,0
209,316,13
246,279,13
283,246,9
225,313,0
303,229,6
224,314,0
208,323,7
231,307,0
210,310,18
211,313,14
247,288,3
235,297,6
231,307,0
168,367,3
286,245,7
231,299,8
200,318,20
195,335,8
177,352,9
205,323,10
218,310,10
225,303,10
193,339,6
217,313,8
245,293,0
198,323,17
218,317,3
246,292,0
229,301,8
232,306,0
232,303,3
218,320,0
240,276,22
270,268,0
226,307,5
152,386,0
222,300,16
149,383,6
171,360,7
227,305,6
236,302,0
273,259,6
325,213,0
190,338,10
197,331,10
253,279,6
229,309,0
214,324,0
193,339,6
213,318,7
199,329,10
208,320,10
264,257,17
269,269,0
216,322,0
217,321,0
256,282,0
208,312,18
259,279,0
181,353,4
277,261,0
249,270,19
200,322,16
217,308,13
238,300,0
175,338,25
163,355,20
257,281,0
177,357,4
295,243,0
203,329,6
240,298,0
275,263,0
298,237,3
184,334,20
250,282,6
217,302,19
187,340,11
229,303,6
246,292,0
243,289,6
188,345,5
192,346,0
255,259,24
311,214,13
275,260,3
225,309,4
265,273,0
192,339,7
228,299,11
176,336,26
221,303,14
236,282,20
248,290,0
228,310,0
256,282,0
178,347,13
192,332,14
233,305,0
214,324,0
266,258,14
224,303,11
265,267,6
165,361,12
183,338,17
267,271,0
201,337,0
255,283,0
259,273,6
235,300,3
249,289,0
205,317,16
198,305,35
171,367,0
248,280,10
230,308,0
253,285,0
191,312,35
180,344,14
171,347,20
250,288,0
267,271,0
204,331,3
218,312,8
183,355,0
248,286,4
222,306,10
242,289,7
259,276,3
222,316,0
203,335,0
186,352,0
159,379,0
280,258,0
183,348,7
196,342,0
253,272,13
266,272,0
198,340,0
170,350,18
267,263,8
265,262,11
262,272,4
240,298,0
251,287,0
213,325,0
301,231,6
299,239,0
223,315,0
217,297,24
228,310,0
229,309,0
279,259,0
270,258,10
204,334,0
286,252,0
198,340,0
161,371,6
174,358,6
202,336,0
249,259,30
183,347,8
254,284,0
231,303,4
195,334,9
292,237,9
266,266,6
173,365,0
250,288,0
261,267,10
280,246,12
237,290,11
248,290,0
327,211,0
165,373,0
279,252,7
300,238,0
220,304,14
220,318,0
189,340,9
214,314,10
248,261,29
258,280,0
199,339,0
187,351,0
287,251,0
221,302,15
212,303,23
212,300,26
273,265,0
219,313,6
201,331,6
235,292,11
260,278,0
250,288,0
290,244,4
245,293,0
190,322,26
221,317,0
190,348,0
255,275,8
188,347,3
182,350,6
216,319,3
239,292,7
251,278,9
268,260,10
231,307,0
173,365,0
228,307,3
236,292,10
243,278,17
282,252,4
292,246,0
209,329,0
244,294,0
273,248,17
164,371,3
209,329,0
274,255,9
230,308,0
212,301,25
233,296,9
264,254,20
190,324,24
158,376,4
196,338,4
264,268,6
222,304,12
265,270,3
205,316,17
204,320,14
232,296,10
203,335,0
266,269,3
244,284,10
224,284,30
277,254,7
241,297,0
186,342,10
265,257,16
210,322,6
228,301,9
204,314,20
198,326,14
204,325,9
185,353,0
209,329,0
219,313,6
198,340,0
217,321,0
225,313,0
275,239,24
183,347,8
222,310,6
152,386,0
269,264,5
236,302,0
240,298,0
192,323,23
229,306,3
226,309,3
285,237,16
281,257,0
190,345,3
177,337,24
182,343,13
212,302,24
248,280,10
166,365,7
162,376,0
135,397,6
223,315,0
217,321,0
203,325,10
221,317,0
217,311,10
207,318,13
286,252,0
247,284,7
157,381,0
184,354,0
232,302,4
286,249,3
244,281,13
280,244,14
221,317,0
284,250,4
250,282,6
254,284,0
247,285,6
189,343,6
237,291,10
239,284,15
161,377,0
181,351,6
273,252,13
167,368,3
189,343,6
261,273,4
219,316,3
200,328,10
271,267,0
251,277,10
204,307,27
196,327,15
226,296,16
208,320,10
183,345,10
234,298,6
197,335,6
154,378,6
203,325,10
217,321,0
233,295,10
180,347,11
231,286,21
213,322,3
247,282,9
231,307,0
182,329,27
191,341,6
238,282,18
197,330,11
188,350,0
221,307,10
290,248,0
207,331,0
239,287,12
218,304,16
214,324,0
275,257,6
235,293,10
201,327,10
275,263,0
224,314,0
230,308,0
164,361,13
135,393,10
241,297,0
210,318,10
258,280,0
213,325,0
155,370,13
198,334,6
200,327,11
212,313,13
200,329,9
163,359,16
237,301,0
175,348,15
213,315,10
190,345,3
102,430,6
208,320,10
250,273,15
284,245,9
232,306,0
214,313,11
283,227,28
219,283,36
225,313,0
201,302,35
216,276,46
215,310,13
275,263,0
276,262,0
198,329,11
208,320,10
194,344,0
268,253,17
206,332,0
222,308,8
202,319,17
247,291,0
239,299,0
241,297,0
161,353,24
221,313,4
253,274,11
264,261,13
167,362,9
193,331,14
249,283,6
184,354,0
255,266,17
185,353,0
248,280,10
217,311,10
259,265,14
226,301,11
246,292,0
244,274,20
248,284,6
228,299,11
243,282,13
228,302,8
297,241,0
239,299,0
194,327,17
199,329,10
262,264,12
281,257,0
190,338,10
219,309,10
244,289,5
236,298,4
267,264,7
246,292,0
246,292,0
227,308,3
251,287,0
195,336,7
234,288,16
246,292,0
225,310,3
188,345,5
246,292,0
221,314,3
316,222,0
151,368,19
210,310,18
190,345,3
192,336,10
249,279,10
182,352,4
236,289,13
242,292,4
194,338,6
156,382,0
200,338,0
159,379,0
240,291,7
185,347,6
208,330,0
202,315,21
196,329,13
210,328,0
209,329,0
107,427,4
248,290,0
236,302,0
259,266,13
255,268,15
245,293,0
196,332,10
261,274,3
232,298,8
257,266,15
258,274,6
258,256,24
217,317,4
217,315,6
151,381,6
183,338,17
229,296,13
201,329,8
289,243,6
271,248,19
216,314,8
234,293,11
221,317,0
209,329,0
299,229,10
287,247,4
246,292,0
276,247,15
223,315,0
253,258,27
251,287,0
245,293,0
195,337,6
305,224,9
323,215,0
207,328,3
279,255,4
254,281,3
231,297,10
236,296,6
253,258,27
289,238,11
238,300,0
357,171,10
251,276,11
261,263,14
225,307,6
198,340,0
191,347,0
227,305,6
148,390,0
271,261,6
292,226,20
242,286,10
218,320,0
173,349,16
159,379,0
131,393,14
226,291,21
138,394,6
136,398,4
173,354,11
195,333,10
224,314,0
218,300,20
135,397,6
259,265,14
182,342,14
246,292,0
289,244,5
266,262,10
185,353,0
205,330,3
224,284,30
251,275,12
188,350,0
201,332,5
236,302,0
217,312,9
177,342,19
226,294,18
264,260,14
216,313,9
295,240,3
259,273,6
276,256,6
264,261,13
227,311,0
219,313,6
248,268,22
237,301,0
217,321,0
197,331,10
255,273,10
194,336,8
208,324,6
219,316,3
220,318,0
277,252,9
299,229,10
250,285,3
225,300,13
194,344,0
260,254,24
246,286,6
278,260,0
217,321,0
203,293,42
252,270,16
197,315,26
272,266,0
293,228,17
250,278,10
235,293,10
164,366,8
146,384,8
228,297,13
255,283,0
177,361,0
140,398,0
214,311,13
224,303,11
233,298,7
270,268,0
228,301,9
250,282,6
252,283,3
161,363,14
202,327,9
245,293,0
205,333,0
240,284,14
136,402,0
198,330,10
224,311,3
229,303,6
246,292,0
172,366,0
205,317,16
243,295,0
201,323,14
205,333,0
242,296,0
248,280,10
245,283,10
243,289,6
186,338,14
288,247,3
229,309,0
218,320,0
234,297,7
197,334,7
231,307,0
230,308,0
284,244,10
213,325,0
181,342,15
244,291,3
246,282,10
231,307,0
181,357,0
227,303,8
214,314,10
186,346,6
197,324,17
211,324,3
255,280,3
221,306,11
228,294,16
243,295,0
317,221,0
232,290,16
161,377,0
279,251,8
277,255,6
192,317,29
233,305,0
271,267,0
196,333,9
225,303,10
257,251,30
212,326,0
281,235,22
271,267,0
198,337,3
239,299,0
336,192,10
283,252,3
248,283,7
221,317,0
263,269,6
252,276,10
220,312,6
255,283,0
189,329,20
230,308,0
256,274,8
223,308,7
273,247,18
199,331,8
189,349,0
221,313,4
196,336,6
268,270,0
244,288,6
210,302,26
243,295,0
229,309,0
203,322,13
254,284,0
248,280,10
199,333,6
236,280,22
203,325,10
225,303,10
275,257,6
286,252,0
264,254,20
236,302,0
254,284,0
274,264,0
234,295,9
169,345,24
193,345,0
188,342,8
166,364,8
149,367,22
208,311,19
290,244,4
175,343,20
186,352,0
270,268,0
185,349,4
297,231,10
214,320,4
237,275,26
204,328,6
277,248,13
152,386,0
225,286,27
260,265,13
217,321,0
147,391,0
199,339,0
196,329,13
205,333,0
226,287,25
202,328,8
221,307,10
272,249,17
256,262,20
296,229,13
201,337,0
206,332,0
226,312,0
185,337,16
167,363,8
168,370,0
212,317,9
241,283,14
270,268,0
191,343,4
243,285,10
188,350,0
224,305,9
257,275,6
229,309,0
235,293,10
223,315,0
242,296,0
225,303,10
251,287,0
240,285,13
298,230,10
219,319,0
193,335,10
205,326,7
266,264,8
255,278,5
221,311,6
211,300,27
267,271,0
200,332,6
278,260,0
223,315,0
217,318,3
178,331,29
235,303,0
169,353,16
196,326,16
227,291,20
221,314,3
276,252,10
222,316,0
181,351,6
290,248,0
253,275,10
204,304,30
233,299,6
233,298,7
223,315,0
210,321,7
253,257,28
172,366,0
230,303,5
261,271,6
152,376,10
209,329,0
282,237,19
237,301,0
225,290,23
215,323,0
273,251,14
186,336,16
276,253,9
207,325,6
174,357,7
203,335,0
183,346,9
209,323,6
284,254,0
168,364,6
275,257,6
268,254,16
249,273,16
177,361,0
263,272,3
290,248,0
206,306,26
216,322,0
234,290,14
215,316,7
245,293,0
206,322,10
280,258,0
203,335,0
223,311,4
173,355,10
216,322,0
176,355,7
255,267,16
243,292,3
216,316,6
255,283,0
163,364,11
239,293,6
238,288,12
192,346,0
257,281,0
265,267,6
217,321,0
249,278,11
276,262,0
126,412,0
160,378,0
230,288,20
209,329,0
242,286,10
243,295,0
201,337,0
272,262,4
200,327,11
214,314,10
248,290,0
255,283,0
217,311,10
187,351,0
236,302,0
219,319,0
282,256,0
314,224,0
163,372,3
170,347,21
240,288,10
248,284,6
202,310,26
205,329,4
272,256,10
276,252,10
308,230,0
236,296,6
237,301,0
202,333,3
213,318,7
240,288,10
198,340,0
283,251,4
208,330,0
270,268,0
245,287,6
195,333,10
212,322,4
217,321,0
170,368,0
244,291,3
227,308,3
211,327,0
272,266,0
298,240,0
218,299,21
241,297,0
292,231,15
188,347,3
188,340,10
207,315,16
211,327,0
183,355,0
211,323,4
230,299,9
224,311,3
216,312,10
236,291,11
228,310,0
199,339,0
191,336,11
216,308,14
228,294,16
214,307,17
249,286,3
221,313,4
212,326,0
201,333,4
225,313,0
221,307,10
280,252,6
227,311,0
269,249,20
246,269,23
227,311,0
300,214,24
181,337,20
226,305,7
223,312,3
207,331,0
208,330,0
247,285,6
187,351,0
267,271,0
234,294,10
202,336,0
257,271,10
157,381,0
287,251,0
273,245,20
254,270,14
224,306,8
265,263,10
186,349,3
142,379,17
250,288,0
206,322,10
283,249,6
260,278,0
259,259,20
204,320,14
206,332,0
242,280,16
243,295,0
269,265,4
287,235,16
155,383,0
227,308,3
215,323,0
288,250,0
337,191,10
253,276,9
264,270,4
189,339,10
243,284,11
236,296,6
220,301,17
209,326,3
189,325,24
169,369,0
206,322,10
257,281,0
187,351,0
176,343,19
294,230,14
191,330,17
212,326,0
207,325,6
278,250,10
249,272,17
259,266,13
228,310,0
176,317,45
252,280,6
250,288,0
241,297,0
271,267,0
247,288,3
255,283,0
167,365,6
246,292,0
238,300,0
241,297,0
206,329,3
235,303,0
197,331,10
320,218,0
261,277,0
196,342,0
231,304,3
251,277,10
295,237,6
255,270,13
185,353,0
264,257,17
224,314,0
234,301,3
220,318,0
328,202,8
193,345,0
182,340,16
257,278,3
231,297,10
209,329,0
230,308,0
209,329,0
189,349,0
238,293,7
235,292,11
171,367,0
198,340,0
200,332,6
220,315,3
225,313,0
267,271,0
240,278,20
249,283,6
205,292,41
191,337,10
249,283,6
186,352,0
254,284,0
204,324,10
228,310,0
224,290,24
247,274,17
221,309,8
243,292,3
248,287,3
203,330,5
195,328,15
180,358,0
194,335,9
227,311,0
215,320,3
223,315,0
252,286,0
268,246,24
262,276,0
247,285,6
251,253,34
289,243,6
269,269,0
249,289,0
175,363,0
242,296,0
256,282,0
252,286,0
135,403,0
281,246,11
214,324,0
160,375,3
258,280,0
195,328,15
194,331,13
261,277,0
211,327,0
257,281,0
270,255,13
238,300,0
229,309,0
254,271,13
228,310,0
274,258,6
192,337,9
266,269,3
228,301,9
198,325,15
242,288,8
174,354,10
177,358,3
173,362,3
214,324,0
223,305,10
266,258,14
184,307,47
213,309,16
170,368,0
201,334,3
149,369,20
229,304,5
231,289,18
258,280,0
256,282,0
206,329,3
299,230,9
254,260,24
215,308,15
297,234,7
227,282,29
287,215,36
230,287,21
184,354,0
246,282,10
241,291,6
221,301,16
151,387,0
200,335,3
207,331,0
222,316,0
211,316,11
269,263,6
287,243,8
246,288,4
256,282,0
266,252,20
239,285,14
267,262,9
224,308,6
185,349,4
294,218,26
218,320,0
172,366,0
234,277,27
198,336,4
209,329,0
173,355,10
218,320,0
204,334,0
246,282,10
255,254,29
233,285,20
232,300,6
178,350,10
293,245,0
191,338,9
240,291,7
195,315,28
227,291,20
246,292,0
272,262,4
281,247,10
181,357,0
223,297,18
258,270,10
257,281,0
135,384,19
173,359,6
208,320,10
224,314,0
196,322,20
162,376,0
231,296,11
227,311,0
178,334,26
222,316,0
255,283,0
274,251,13
267,271,0
215,319,4
213,319,6
166,346,26
234,304,0
279,252,7
230,308,0
267,268,3
212,326,0
209,323,6
194,344,0
221,307,10
292,240,6
155,380,3
189,338,11
217,318,3
267,271,0
151,387,0
278,251,9
222,316,0
211,321,6
253,285,0
172,360,6
141,394,3
159,369,10
239,282,17
266,266,6
255,273,10
210,314,14
202,326,10
209,326,3
270,237,31
138,400,0
233,281,24
231,286,21
237,291,10
238,294,6
237,298,3
229,306,3
223,311,4
258,280,0
301,237,0
249,276,13
229,289,20
217,307,14
208,310,20
209,329,0
232,306,0
256,282,0
188,350,0
186,352,0
248,286,4
262,273,3
247,270,21
252,283,3
157,350,31
168,365,5
184,354,0
241,287,10
233,299,6
239,283,16
202,326,10
147,388,3
250,275,13
252,278,8
272,263,3
220,308,10
186,352,0
182,343,13
294,244,0
163,372,3
250,278,10
205,330,3
190,341,7
267,261,10
211,327,0
334,204,0
271,257,10
222,306,10
180,355,3
231,307,0
238,297,3
272,266,0
155,369,14
316,222,0
227,301,10
240,284,14
268,267,3
167,364,7
247,282,9
275,239,24
267,245,26
243,295,0
148,390,0
270,255,13
235,295,8
250,288,0
307,231,0
163,375,0
168,351,19
220,287,31
163,357,18
245,293,0
264,255,19
217,317,4
291,236,11
258,280,0
162,360,16
210,325,3
176,356,6
214,324,0
194,344,0
193,324,21
177,356,5
265,253,20
199,335,4
303,235,0
252,272,14
201,318,19
242,290,6
221,317,0
188,343,7
217,305,16
212,310,16
197,331,10
241,294,3
229,309,0
227,311,0
190,343,5
274,261,3
214,317,7
260,275,3
258,274,6
262,263,13
256,264,18
262,276,0
216,322,0
200,324,14
238,290,10
185,330,23
188,350,0
225,303,10
197,331,10
196,339,3
155,377,6
250,288,0
244,281,13
280,248,10
210,318,10
260,262,16
253,285,0
225,299,14
223,299,16
249,275,14
295,237,6
227,294,17
217,314,7
264,274,0
253,266,19
297,238,3
199,339,0
233,295,10
277,261,0
259,269,10
222,309,7
290,242,6
286,243,9
210,311,17
204,334,0
145,384,9
190,335,13
216,316,6
208,321,9
270,268,0
162,363,13
181,357,0
197,341,0
179,353,6
201,337,0
220,318,0
173,365,0
211,327,0
177,361,0
258,270,10
251,268,19
242,279,17
217,314,7
262,254,22
267,271,0
228,301,9
247,277,14
202,326,10
216,277,45
228,300,10
216,303,19
234,304,0
183,351,4
166,372,0
245,293,0
295,243,0
282,232,24
198,334,6
221,314,3
215,307,16
261,271,6
297,230,11
153,375,10
222,311,5
252,286,0
241,297,0
211,320,7
202,313,23
247,291,0
219,319,0
269,252,17
230,308,0
302,236,0
227,311,0
249,286,3
189,336,13
216,306,16
242,286,10
179,355,4
232,306,0
137,401,0
189,340,9
244,290,4
280,258,0
230,297,11
236,285,17
268,270,0
265,273,0
277,261,0
177,352,9
204,324,10
175,363,0
220,301,17
226,306,6
276,262,0
265,246,27
215,308,15
158,380,0
179,350,9
224,314,0
187,345,6
210,328,0
282,256,0
300,209,29
178,357,3
264,257,17
185,347,6
261,263,14
185,340,13
170,355,13
190,338,10
291,237,10
242,287,9
290,232,16
275,253,10
254,274,10
248,286,4
290,248,0
175,349,14
147,384,7
226,312,0
196,342,0
261,277,0
176,342,20
205,333,0
271,242,25
120,406,12
225,313,0
289,239,10
180,337,21
288,250,0
220,307,11
233,305,0
193,345,0
205,314,19
277,245,16
225,296,17
202,336,0
194,340,4
269,269,0
261,277,0
233,299,6
186,336,16
219,319,0
244,294,0
290,248,0
245,277,16
155,370,13
294,244,0
188,333,17
168,370,0
249,281,8
226,312,0
171,367,0
251,287,0
231,293,14
198,340,0
165,367,6
241,265,32
268,270,0
179,359,0
143,389,6
254,281,3
218,314,6
244,277,17
247,286,5
239,296,3
289,243,6
188,350,0
178,360,0
226,312,0
153,385,0
269,262,7
233,302,3
210,318,10
235,294,9
230,286,22
201,331,6
229,309,0
290,242,6
167,337,34
277,255,6
234,304,0
217,315,6
275,236,27
260,275,3
289,243,6
230,302,6
176,358,4
258,271,9
193,345,0
292,246,0
213,325,0
278,238,22
240,287,11
241,297,0
261,277,0
261,270,7
272,256,10
198,329,11
197,341,0
186,352,0
283,255,0
271,267,0
223,311,4
154,373,11
234,304,0
212,319,7
205,315,18
271,234,33
183,347,8
294,231,13
261,277,0
219,301,18
216,313,9
200,314,24
177,351,10
262,269,7
243,292,3
286,243,9
182,353,3
197,309,32
252,277,9
234,304,0
182,351,5
299,229,10
216,322,0
280,231,27
213,319,6
220,315,3
207,317,14
216,322,0
262,270,6
269,263,6
241,288,9
220,318,0
201,337,0
223,315,0
199,325,14
174,361,3
228,307,3
259,273,6
236,302,0
289,245,4
207,331,0
232,302,4
282,252,4
225,305,8
245,293,0
159,369,10
216,322,0
179,359,0
281,254,3
295,239,4
233,305,0
235,303,0
263,275,0
319,189,30
288,247,3
242,280,16
227,311,0
239,271,28
220,311,7
297,222,19
229,297,12
214,307,17
226,296,16
215,306,17
269,254,15
165,373,0
229,269,40
192,323,23
191,347,0
250,275,13
287,251,0
250,282,6
191,338,9
137,401,0
295,237,6
268,267,3
260,278,0
265,273,0
234,298,6
199,339,0
282,256,0
265,273,0
220,318,0
184,344,10
258,274,6
266,269,3
156,368,14
174,357,7
207,318,13
189,349,0
193,334,11
185,340,13
241,279,18
149,373,16
251,284,3
257,275,6
177,358,3
170,368,0
193,341,4
253,279,6
214,306,18
219,299,20
275,240,23
215,313,10
191,341,6
223,297,18
185,353,0
274,260,4
191,347,0
195,340,3
234,301,3
265,269,4
247,291,0
218,320,0
213,305,20
278,241,19
173,353,12
241,297,0
189,349,0
165,357,16
285,243,10
230,302,6
284,254,0
210,319,9
218,309,11
164,367,7
248,287,3
171,360,7
243,295,0
218,314,6
251,287,0
268,267,3
236,299,3
253,285,0
157,355,26
224,308,6
191,347,0
295,233,10
178,360,0
222,316,0
216,312,10
132,406,0
208,327,3
243,295,0
271,267,0
289,241,8
239,284,15
222,302,14
292,246,0
270,268,0
215,313,10
151,376,11
149,375,14
274,264,0
280,248,10
208,306,24
251,287,0
235,297,6
239,299,0
199,339,0
143,395,0
191,347,0
256,282,0
175,350,13
273,265,0
182,353,3
208,330,0
180,347,11
186,341,11
246,285,7
184,344,10
217,315,6
251,287,0
236,291,11
209,329,0
173,349,16
225,308,5
165,361,12
245,287,6
218,320,0
270,268,0
186,352,0
143,385,10
234,295,9
178,336,24
166,372,0
226,309,3
243,295,0
206,332,0
188,350,0
237,277,24
325,206,7
303,232,3
223,310,5
206,299,33
294,224,20
255,276,7
204,310,24
216,311,11
198,337,3
264,274,0
218,314,6
301,225,12
244,288,6
235,303,0
215,316,7
289,244,5
253,285,0
166,359,13
247,291,0
179,353,6
264,274,0
292,246,0
282,256,0
236,302,0
177,347,14
270,256,12
191,338,9
282,243,13
253,285,0
274,248,16
251,261,26
232,300,6
231,280,27
222,316,0
271,253,14
275,260,3
232,300,6
201,327,10
178,343,17
200,332,6
198,330,10
245,287,6
225,299,14
229,309,0
210,305,23
207,321,10
197,333,8
220,318,0
215,323,0
174,351,13
357,171,10
238,300,0
232,306,0
209,323,6
213,322,3
149,389,0
215,309,14
221,289,28
190,338,10
137,390,11
228,280,30
244,287,7
242,285,11
197,341,0
310,228,0
260,274,4
191,347,0
248,286,4
209,329,0
235,285,18
248,290,0
251,274,13
215,323,0
211,327,0
289,238,11
160,378,0
270,268,0
183,355,0
174,364,0
228,299,11
241,297,0
175,363,0
274,255,9
201,330,7
212,326,0
186,352,0
282,253,3
238,294,6
253,279,6
151,361,26
218,320,0
229,299,10
154,364,20
174,356,8
244,275,19
285,243,10
185,325,28
261,274,3
236,296,6
241,297,0
271,247,20
215,317,6
219,308,11
196,336,6
183,348,7
221,317,0
235,303,0
254,274,10
219,316,3
223,305,10
270,256,12
189,339,10
242,284,12
201,334,3
185,347,6
214,324,0
281,241,16
269,258,11
166,372,0
222,307,9
267,262,9
247,281,10
168,360,10
227,299,12
233,305,0
241,297,0
235,292,11
263,275,0
304,231,3
236,302,0
194,344,0
164,369,5
176,362,0
254,281,3
186,352,0
287,240,11
200,334,4
256,266,16
138,381,19
223,315,0
224,308,6
279,259,0
172,350,16
154,366,18
188,350,0
234,298,6
236,302,0
231,296,11
295,243,0
224,301,13
261,271,6
211,327,0
141,397,0
248,258,32
291,247,0
270,261,7
203,325,10
221,313,4
175,363,0
270,255,13
227,311,0
181,347,10
267,254,17
228,300,10
242,282,14
292,233,13
172,329,37
225,313,0
153,358,27
206,332,0
170,359,9
282,256,0
219,306,13
233,294,11
182,346,10
196,326,16
270,261,7
236,294,8
271,257,10
209,316,13
226,312,0
232,306,0
230,308,0
262,266,10
215,304,19
270,252,16
292,238,8
270,268,0
224,314,0
222,316,0
214,314,10
170,349,19
270,268,0
194,336,8
259,276,3
199,326,13
256,282,0
173,365,0
261,277,0
239,286,13
240,295,3
238,300,0
195,333,10
211,327,0
300,238,0
204,330,4
231,307,0
154,380,4
164,374,0
209,323,6
195,343,0
211,314,13
277,261,0
212,306,20
225,310,3
200,324,14
232,295,11
185,344,9
264,274,0
249,280,9
201,327,10
241,287,10
238,297,3
197,321,20
240,295,3
148,384,6
239,296,3
206,313,19
192,336,10
182,356,0
204,307,27
223,309,6
232,306,0
248,286,4
183,350,5
160,338,40
203,325,10
184,341,13
254,277,7
198,340,0
263,275,0
295,237,6
173,365,0
169,369,0
157,381,0
257,256,25
210,318,10
216,322,0
228,310,0
264,265,9
303,235,0
208,330,0
247,277,14
194,344,0
157,377,4
206,332,0
255,273,10
284,225,29
189,349,0
219,303,16
267,261,10
247,291,0
257,281,0
230,308,0
204,334,0
224,314,0
265,273,0
232,300,6
267,271,0
254,274,10
289,249,0
177,361,0
214,311,13
217,315,6
174,364,0
270,254,14
203,311,24
233,302,3
210,322,6
261,277,0
220,302,16
231,299,8
287,245,6
215,323,0
273,265,0
263,272,3
212,326,0
223,315,0
261,267,10
175,337,26
230,289,19
212,301,25
200,338,0
178,360,0
253,285,0
192,336,10
234,294,10
270,262,6
237,301,0
172,363,3
204,334,0
253,285,0
200,338,0
220,309,9
195,343,0
226,301,11
232,300,6
229,309,0
265,263,10
193,345,0
242,279,17
148,357,33
236,292,10
233,293,12
289,242,7
205,318,15
246,282,10
245,284,9
241,297,0
188,329,21
255,277,6
271,267,0
282,249,7
254,284,0
261,277,0
259,273,6
259,279,0
215,306,17
218,320,0
260,278,0
248,286,4
167,371,0
232,306,0
190,348,0
258,280,0
207,320,11
215,314,9
217,311,10
179,346,13
282,250,6
213,316,9
154,374,10
192,346,0
209,319,10
188,342,8
265,267,6
250,288,0
282,252,4
197,328,13
218,314,6
210,328,0
197,341,0
163,364,11
203,335,0
197,338,3
180,355,3
162,373,3
185,353,0
211,316,11
211,294,33
165,365,8
212,320,6
224,305,9
248,290,0
179,359,0
261,271,6
184,354,0
187,342,9
234,294,10
225,309,4
255,280,3
180,348,10
182,345,11
252,270,16
229,309,0
260,255,23
200,330,8
244,284,10
172,360,6
214,317,7
241,297,0
210,328,0
183,352,3
176,338,24
261,271,6
209,326,3
223,315,0
274,253,11
196,338,4
248,279,11
194,334,10
215,320,3
306,196,36
264,274,0
285,244,9
240,285,13
241,289,8
205,324,9
174,364,0
192,346,0
191,341,6
221,311,6
262,264,12
253,281,4
178,353,7
249,289,0
244,294,0
198,334,6
335,203,0
234,283,21
202,326,10
142,367,29
277,255,6
237,301,0
259,279,0
290,248,0
247,291,0
213,315,10
241,291,6
244,294,0
241,291,6
173,365,0
226,303,9
294,238,6
230,308,0
220,304,14
206,319,13
283,243,12
222,296,20
176,362,0
192,336,10
233,288,17
253,285,0
162,369,7
238,292,8
197,331,10
212,306,20
206,332,0
246,282,10
249,275,14
238,290,10
231,282,25
202,320,16
274,260,4
185,353,0
172,356,10
283,248,7
225,307,6
253,269,16
211,321,6
190,338,10
190,338,10
193,339,6
265,252,21
210,328,0
197,331,10
243,295,0
194,341,3
206,322,10
197,338,3
148,380,10
220,318,0
279,259,0
227,303,8
206,321,11
157,381,0
264,274,0
224,305,9
212,326,0
164,364,10
273,265,0
231,290,17
271,261,6
213,309,16
204,331,3
242,289,7
207,314,17
199,321,18
256,282,0
241,297,0
171,350,17
144,384,10
227,291,20
198,340,0
246,289,3
161,377,0
171,367,0
184,345,9
215,310,13
216,312,10
253,285,0
241,280,17
202,336,0
207,331,0
225,313,0
258,273,7
244,294,0
243,287,8
312,226,0
230,277,31
226,312,0
279,256,3
254,278,6
243,278,17
200,327,11
230,302,6
308,223,7
206,332,0
185,333,20
228,304,6
256,279,3
208,324,6
185,346,7
247,291,0
230,300,8
258,280,0
167,371,0
199,330,9
229,309,0
225,306,7
239,299,0
175,353,10
206,332,0
233,305,0
207,331,0
252,272,14
208,330,0
208,310,20
229,309,0
216,322,0
274,261,3
276,256,6
296,239,3
213,322,3
203,332,3
260,271,7
236,302,0
303,232,3
188,318,32
260,267,11
229,296,13
199,333,6
237,301,0
212,320,6
240,298,0
251,287,0
229,309,0
199,339,0
267,256,15
142,386,10
224,297,17
226,312,0
216,301,21
188,329,21
188,350,0
256,282,0
215,323,0
226,312,0
246,292,0
241,287,10
220,298,20
177,351,10
292,246,0
267,271,0
206,326,6
278,253,7
227,311,0
196,332,10
215,323,0
177,345,16
238,300,0
190,342,6
277,251,10
255,266,17
232,306,0
312,226,0
270,264,4
203,325,10
184,340,14
256,282,0
233,305,0
207,325,6
332,206,0
195,337,6
253,275,10
187,344,7
146,392,0
341,180,17
209,319,10
224,314,0
207,320,11
185,333,20
259,279,0
185,343,10
218,300,20
234,301,3
260,262,16
262,256,20
216,308,14
292,246,0
285,244,9
205,326,7
232,306,0
235,300,3
245,290,3
180,345,13
255,267,16
276,262,0
174,364,0
268,264,6
176,341,21
245,283,10
197,320,21
306,232,0
275,250,13
207,328,3
206,325,7
293,245,0
250,282,6
225,300,13
210,322,6
216,316,6
199,323,16
246,292,0
202,326,10
154,369,15
270,268,0
259,272,7
265,262,11
208,323,7
216,315,7
278,260,0
155,380,3
187,341,10
187,341,10
277,261,0
146,392,0
180,352,6
241,287,10
253,279,6
286,246,6
187,335,16
210,328,0
211,310,17
227,301,10
269,265,4
289,241,8
241,293,4
227,311,0
223,315,0
242,290,6
278,240,20
246,283,9
178,352,8
276,256,6
204,320,14
223,300,15
185,333,20
133,402,3
283,249,6
293,233,12
213,325,0
195,343,0
276,262,0
278,247,13
193,345,0
214,308,16
277,261,0
244,284,10
218,307,13
229,301,8
167,353,18
223,315,0
282,243,13
210,328,0
154,384,0
219,319,0
186,344,8
235,286,17
197,333,8
154,377,7
273,252,13
223,307,8
234,284,20
140,392,6
239,299,0
263,250,25
279,253,6
180,339,19
229,300,9
267,261,10
176,362,0
149,385,4
152,376,10
222,304,12
252,286,0
283,255,0
193,338,7
204,329,5
243,284,11
241,297,0
155,366,17
261,266,11
231,299,8
150,378,10
257,274,7
202,330,6
207,314,17
259,273,6
276,262,0
213,304,21
233,299,6
324,208,6
235,297,6
180,349,9
261,270,7
203,328,7
194,338,6
229,306,3
163,353,22
201,317,20
252,286,0
218,320,0
210,328,0
214,300,24
201,308,29
181,343,14
254,275,9
206,302,30
304,234,0
280,250,8
162,376,0
222,316,0
231,281,26
271,267,0
262,276,0
201,311,26
247,285,6
236,285,17
191,347,0
303,235,0
184,354,0
227,307,4
286,252,0
241,291,6
233,302,3
231,307,0
222,316,0
219,319,0
263,254,21
178,356,4
273,265,0
192,341,5
175,359,4
269,269,0
216,311,11
201,324,13
249,286,3
237,301,0
220,315,3
249,289,0
195,299,44
253,268,17
157,381,0
282,245,11
224,302,12
258,269,11
201,326,11
268,270,0
239,299,0
224,311,3
173,347,18
238,290,10
232,276,30
250,271,17
211,317,10
243,282,13
233,305,0
233,295,10
235,287,16
165,373,0
267,259,12
252,286,0
261,277,0
306,232,0
212,326,0
205,320,13
210,328,0
248,277,13
308,226,4
266,272,0
249,285,4
262,273,3
273,245,20
246,282,10
186,342,10
265,273,0
296,232,10
175,351,12
184,354,0
174,358,6
216,318,4
214,324,0
249,289,0
183,355,0
137,368,33
219,306,13
298,234,6
185,350,3
245,293,0
188,350,0
222,316,0
225,310,3
241,280,17
270,268,0
265,273,0
228,268,42
297,231,10
224,304,10
171,367,0
185,350,3
187,335,16
195,339,4
192,346,0
236,299,3
259,279,0
279,252,7
140,381,17
207,331,0
205,317,16
248,290,0
161,367,10
225,313,0
226,296,16
241,297,0
248,290,0
171,351,16
237,301,0
243,274,21
160,359,19
265,273,0
238,294,6
179,359,0
229,293,16
249,280,9
233,297,8
291,241,6
260,269,9
215,323,0
192,326,20
207,322,9
215,323,0
222,313,3
237,293,8
236,292,10
234,301,3
176,356,6
228,307,3
252,277,9
299,221,18
248,284,6
278,257,3
199,328,11
175,360,3
200,338,0
225,313,0
261,266,11
206,332,0
221,311,6
184,338,16
230,308,0
199,333,6
136,381,21
197,341,0
274,258,6
206,332,0
234,304,0
193,345,0
213,325,0
210,328,0
252,281,5
266,272,0
160,368,10
270,259,9
251,278,9
222,316,0
182,344,12
216,309,13
256,273,9
175,356,7
266,262,10
169,369,0
302,201,35
212,326,0
227,295,16
187,348,3
225,313,0
288,250,0
239,299,0
294,235,9
286,252,0
162,373,3
229,309,0
292,246,0
184,354,0
243,295,0
224,314,0
277,252,9
271,267,0
232,303,3
208,330,0
263,265,10
251,266,21
221,309,8
240,298,0
295,224,19
174,364,0
242,287,9
191,347,0
173,359,6
218,310,10
302,219,17
186,339,13
150,385,3
220,302,16
260,258,20
145,393,0
223,308,7
196,342,0
260,278,0
288,244,6
213,325,0
254,281,3
182,314,42
224,308,6
231,303,4
218,316,4
214,324,0
207,331,0
216,322,0
281,251,6
230,308,0
203,321,14
260,268,10
160,358,20
249,279,10
173,365,0
157,372,9
236,288,14
155,378,5
228,293,17
263,275,0
219,319,0
243,289,6
193,339,6
206,332,0
230,304,4
270,263,5
205,330,3
236,293,9
227,307,4
208,307,23
265,270,3
273,265,0
264,256,18
229,287,22
279,259,0
153,385,0
269,264,5
259,279,0
206,332,0
236,298,4
207,331,0
243,295,0
256,270,12
257,281,0
161,377,0
285,243,10
276,246,16
168,370,0
159,379,0
270,253,15
303,235,0
248,275,15
296,226,16
236,287,15
206,306,26
169,366,3
191,341,6
217,311,10
249,289,0
156,382,0
240,280,18
185,353,0
195,320,23
234,304,0
252,286,0
250,274,14
244,294,0
216,286,36
200,334,4
212,315,11
217,321,0
196,342,0
287,251,0
270,268,0
158,380,0
205,333,0
177,361,0
232,306,0
262,273,3
161,374,3
237,287,14
264,253,21
248,280,10
263,250,25
271,253,14
211,321,6
277,261,0
190,309,39
259,270,9
250,279,9
228,300,10
257,271,10
234,294,10
208,319,11
204,334,0
175,353,10
223,315,0
216,314,8
254,284,0
247,275,16
252,280,6
194,336,8
180,344,14
135,382,21
264,271,3
209,329,0
226,312,0
180,345,13
227,305,6
253,285,0
142,382,14
241,297,0
243,295,0
284,251,3
168,357,13
213,325,0
133,398,7
205,333,0
195,335,8
184,334,20
211,320,7
278,239,21
221,297,20
224,314,0
168,366,4
198,330,10
273,255,10
225,313,0
137,381,20
249,285,4
148,390,0
232,298,8
267,271,0
226,306,6
185,347,6
202,333,3
301,234,3
168,370,0
276,240,22
233,305,0
266,272,0
227,301,10
184,341,13
259,269,10
176,351,11
161,374,3
165,363,10
202,325,11
182,356,0
225,303,10
283,255,0
216,318,4
168,360,10
212,284,42
168,353,17
224,304,10
208,322,8
261,277,0
274,264,0
262,267,9
250,288,0
271,257,10
230,308,0
267,271,0
219,319,0
195,339,4
265,273,0
184,354,0
193,313,32
288,250,0
211,311,16
251,277,10
260,278,0
258,273,7
270,268,0
210,322,6
235,297,6
246,283,9
240,268,30
267,255,16
307,224,7
179,356,3
156,372,10
225,307,6
257,270,11
266,265,7
160,368,10
260,274,4
245,293,0
280,258,0
227,308,3
270,268,0
267,267,4
206,332,0
263,275,0
244,277,17
227,311,0
251,287,0
236,302,0
159,361,18
212,326,0
291,219,28
226,309,3
234,304,0
229,309,0
189,339,10
242,296,0
212,316,10
240,264,34
153,379,6
247,291,0
235,285,18
187,339,12
325,213,0
246,292,0
182,338,18
236,294,8
283,255,0
258,274,6
297,225,16
239,290,9
238,284,16
260,278,0
225,313,0
201,337,0
238,300,0
228,310,0
188,335,15
197,338,3
263,262,13
153,338,47
195,337,6
237,301,0
226,307,5
227,311,0
237,301,0
240,295,3
255,277,6
269,259,10
164,371,3
179,353,6
271,252,15
173,362,3
216,312,10
258,275,5
213,325,0
253,278,7
219,311,8
205,333,0
171,367,0
266,258,14
266,269,3
284,254,0
290,248,0
246,289,3
187,351,0
197,333,8
201,337,0
185,350,3
187,344,7
286,252,0
224,311,3
176,359,3
208,330,0
191,311,36
162,376,0
313,225,0
234,301,3
264,268,6
195,336,7
255,270,13
176,356,6
256,276,6
222,313,3
168,364,6
289,233,16
225,313,0
262,276,0
219,316,3
219,308,11
201,327,10
284,234,20
227,290,21
273,265,0
201,329,8
171,357,10
184,330,24
229,303,6
254,284,0
207,331,0
204,334,0
223,295,20
287,251,0
253,279,6
185,353,0
227,302,9
237,298,3
176,346,16
273,247,18
144,368,26
216,312,10
224,299,15
263,275,0
223,308,7
211,320,7
252,286,0
280,258,0
220,305,13
267,265,6
249,259,30
303,235,0
219,319,0
291,247,0
212,310,16
251,273,14
233,305,0
204,330,4
260,271,7
243,258,37
233,290,15
201,327,10
190,340,8
159,376,3
212,326,0
231,303,4
245,293,0
243,289,6
266,262,10
228,300,10
139,372,27
210,322,6
267,251,20
276,253,9
288,239,11
247,291,0
198,334,6
231,307,0
207,325,6
161,366,11
221,313,4
219,313,6
268,266,4
265,265,8
292,246,0
296,242,0
270,268,0
284,246,8
242,276,20
210,328,0
241,277,20
198,334,6
258,274,6
176,358,4
175,353,10
233,302,3
266,272,0
260,268,10
190,348,0
161,371,6
190,348,0
221,291,26
225,313,0
212,326,0
174,361,3
178,360,0
286,243,9
150,366,22
287,245,6
225,291,22
170,368,0
265,269,4
214,320,4
253,279,6
232,306,0
275,251,12
214,324,0
206,322,10
251,277,10
169,369,0
236,295,7
227,307,4
262,262,14
269,256,13
217,321,0
286,252,0
289,239,10
321,207,10
248,274,16
201,327,10
245,290,3
227,264,47
259,279,0
148,355,35
292,246,0
225,298,15
305,233,0
186,325,27
270,262,6
256,282,0
222,313,3
247,262,29
257,271,10
226,306,6
251,287,0
220,314,4
223,305,10
176,352,10
264,265,9
206,317,15
206,323,9
221,317,0
191,334,13
233,270,35
157,368,13
143,395,0
249,289,0
245,290,3
234,304,0
233,305,0
210,324,4
284,254,0
243,289,6
265,273,0
226,312,0
186,346,6
281,248,9
242,296,0
269,269,0
256,273,9
285,253,0
218,317,3
240,289,9
201,318,19
184,330,24
255,280,3
234,298,6
262,276,0
158,373,7
236,302,0
244,284,10
188,337,13
179,348,11
197,328,13
255,283,0
246,292,0
310,219,9
217,321,0
225,310,3
259,269,10
200,317,21
190,342,6
201,337,0
202,323,13
212,310,16
216,318,4
222,306,10
218,317,3
238,290,10
216,312,10
242,296,0
252,286,0
223,309,6
177,361,0
247,291,0
137,388,13
206,312,20
240,292,6
248,280,10
231,307,0
162,369,7
272,254,12
270,251,17
267,263,8
184,348,6
195,327,16
247,291,0
219,302,17
244,288,6
273,265,0
235,293,10
211,316,11
201,337,0
186,336,16
227,301,10
271,267,0
235,303,0
193,322,23
133,376,29
234,296,8
171,362,5
270,265,3
183,355,0
152,386,0
192,346,0
211,327,0
294,241,3
174,358,6
338,185,15
234,300,4
222,311,5
273,265,0
253,285,0
239,283,16
205,333,0
238,282,18
271,264,3
150,381,7
164,374,0
251,280,7
189,339,10
310,228,0
237,301,0
263,263,12
187,313,38
223,302,13
259,279,0
185,353,0
243,295,0
293,226,19
215,323,0
165,356,17
146,369,23
237,292,9
224,314,0
270,268,0
192,343,3
197,321,20
240,298,0
179,359,0
280,258,0
271,247,20
226,299,13
229,309,0
231,307,0
207,331,0
320,215,3
242,290,6
156,379,3
269,269,0
268,270,0
245,293,0
274,264,0
231,307,0
249,289,0
235,297,6
267,258,13
225,313,0
199,334,5
198,340,0
234,304,0
254,284,0
246,286,6
196,326,16
238,291,9
211,310,17
238,289,11
263,272,3
207,325,6
204,331,3
247,268,23
178,346,14
223,315,0
192,346,0
181,357,0
272,266,0
240,298,0
172,362,4
177,361,0
327,205,6
244,279,15
238,291,9
238,294,6
193,345,0
226,302,10
213,325,0
220,308,10
144,394,0
234,294,10
169,362,7
234,298,6
238,300,0
204,334,0
324,211,3
182,353,3
123,415,0
229,293,16
236,288,14
219,309,10
247,291,0
254,275,9
260,265,13
205,330,3
259,271,8
265,257,16
243,273,22
149,389,0
285,253,0
253,268,17
198,340,0
198,340,0
236,281,21
268,270,0
193,341,4
214,306,18
232,306,0
188,341,9
205,322,11
239,293,6
189,340,9
300,217,21
237,301,0
235,292,11
223,304,11
229,309,0
205,324,9
242,290,6
210,311,17
181,347,10
234,304,0
298,240,0
266,272,0
249,276,13
258,280,0
200,338,0
255,269,14
190,348,0
254,284,0
216,322,0
237,301,0
299,218,21
222,312,4
203,329,6
290,242,6
219,304,15
233,305,0
226,312,0
276,253,9
230,292,16
169,369,0
230,290,18
241,297,0
161,360,17
242,266,30
218,320,0
223,315,0
192,340,6
201,327,10
216,319,3
210,325,3
208,327,3
144,380,14
247,284,7
312,216,10
202,336,0
219,319,0
288,247,3
213,319,6
187,351,0
230,301,7
200,328,10
192,332,14
181,343,14
280,255,3
266,269,3
158,380,0
272,266,0
250,288,0
283,248,7
189,346,3
256,282,0
225,293,20
237,275,26
235,303,0
193,327,18
220,318,0
292,240,6
214,314,10
305,233,0
193,345,0
207,331,0
325,213,0
211,327,0
259,279,0
212,317,9
271,261,6
193,345,0
240,279,19
210,318,10
176,356,6
200,338,0
215,320,3
205,333,0
161,367,10
237,301,0
216,322,0
181,319,38
243,288,7
211,327,0
236,297,5
213,315,10
155,373,10
153,375,10
247,275,16
286,242,10
227,299,12
241,297,0
208,324,6
245,284,9
259,271,8
275,257,6
192,332,14
200,338,0
250,288,0
227,311,0
183,352,3
331,203,4
258,264,16
225,299,14
231,307,0
201,326,11
201,333,4
249,279,10
283,245,10
184,354,0
208,324,6
253,276,9
228,310,0
240,285,13
224,314,0
246,264,28
226,309,3
209,329,0
242,286,10
188,344,6
237,285,16
249,280,9
195,337,6
231,307,0
244,294,0
284,254,0
129,385,24
300,221,17
193,345,0
233,295,10
304,234,0
250,265,23
217,321,0
170,368,0
169,359,10
265,273,0
286,252,0
242,287,9
163,372,3
267,265,6
206,329,3
259,273,6
285,239,14
271,263,4
223,267,48
190,334,14
249,278,11
258,280,0
214,324,0
264,274,0
166,362,10
295,239,4
208,330,0
207,321,10
166,372,0
248,287,3
190,338,10
253,269,16
200,335,3
142,386,10
250,283,5
269,269,0
210,318,10
183,348,7
238,286,14
190,348,0
270,252,16
195,327,16
172,366,0
236,302,0
261,277,0
265,259,14
272,263,3
230,304,4
266,272,0
256,272,10
192,346,0
234,304,0
256,282,0
227,295,16
247,291,0
230,296,12
188,344,6
184,354,0
217,311,10
261,271,6
290,243,5
276,234,28
209,309,20
276,259,3
234,294,10
185,353,0
286,245,7
266,272,0
245,290,3
266,272,0
226,302,10
238,273,27
271,264,3
158,352,28
213,318,7
246,292,0
251,287,0
254,274,10
163,375,0
230,304,4
211,324,3
252,283,3
193,345,0
199,330,9
304,234,0
222,311,5
145,393,0
243,295,0
241,273,24
196,342,0
199,332,7
223,308,7
199,336,3
312,217,9
283,255,0
197,331,10
257,281,0
191,344,3
234,304,0
231,307,0
201,329,8
229,309,0
269,263,6
321,207,10
263,269,6
194,328,16
211,317,10
197,319,22
211,327,0
212,315,11
217,311,10
198,334,6
243,288,7
240,276,22
194,334,10
212,326,0
214,304,20
270,268,0
193,342,3
279,246,13
250,259,29
200,338,0
162,373,3
200,327,11
296,222,20
278,260,0
241,292,5
186,332,20
274,249,15
189,343,6
205,327,6
217,312,9
262,276,0
224,311,3
295,243,0
286,252,0
232,306,0
181,357,0
203,335,0
250,282,6
191,333,14
166,372,0
215,304,19
281,257,0
230,294,14
235,303,0
247,291,0
264,274,0
214,324,0
216,319,3
162,376,0
208,324,6
270,268,0
285,253,0
287,231,20
262,276,0
249,272,17
232,300,6
197,319,22
231,288,19
255,277,6
193,326,19
344,167,27
251,281,6
184,354,0
209,306,23
224,314,0
229,306,3
282,252,4
258,270,10
220,315,3
239,291,8
329,209,0
250,277,11
256,276,6
261,277,0
205,333,0
179,359,0
167,371,0
220,296,22
190,338,10
238,297,3
205,323,10
172,351,15
259,279,0
280,248,10
291,214,33
265,244,29
240,293,5
265,261,12
220,301,17
214,324,0
203,335,0
237,301,0
224,300,14
251,287,0
262,276,0
256,264,18
175,363,0
228,294,16
205,315,18
157,368,13
182,356,0
175,359,4
243,289,6
192,346,0
144,380,14
189,343,6
235,293,10
160,378,0
254,270,14
219,296,23
189,329,20
203,326,9
256,279,3
251,277,10
302,236,0
234,297,7
221,317,0
258,274,6
181,345,12
209,314,15
241,281,16
212,326,0
265,273,0
256,272,10
211,327,0
193,340,5
239,299,0
145,373,20
255,283,0
189,344,5
206,332,0
229,302,7
296,236,6
203,311,24
260,265,13
260,278,0
228,290,20
172,349,17
257,278,3
166,346,26
225,309,4
240,292,6
231,307,0
280,258,0
207,316,15
258,276,4
270,268,0
262,276,0
177,355,6
238,296,4
245,268,25
217,321,0
207,322,9
212,318,8
243,285,10
222,306,10
228,300,10
209,323,6
126,412,0
276,262,0
250,288,0
208,327,3
249,289,0
150,388,0
189,349,0
254,274,10
189,349,0
212,297,29
232,299,7
165,365,8
251,284,3
263,269,6
149,380,9
183,342,13
255,266,17
194,344,0
237,301,0
185,346,7
165,366,7
215,323,0
236,298,4
236,296,6
